{"Loss": 0.32369735836982727, "Accuracy": 0.020042408257722855, "Precision": 0.020042408257722855, "Recall": 0.018374035134911537, "F1": 0.019171994125111932, "Cross Entropy Loss": 21.525834123690633, "Perplexity": 2231264101.987264}