{"Training Loss": [2.4153, 0.7587, 0.6068, 0.559, 0.53, 0.5151, 0.4981, 0.4861, 0.4766, 0.4691, 0.4642, 0.454, 0.4518, 0.4455, 0.4419, 0.4409, 0.4421, 0.432, 0.4335, 0.4372, 0.4288, 0.4267, 0.4206, 0.4099, 0.4097, 0.4028, 0.3968, 0.3989, 0.3924, 0.3899, 0.3835, 0.3833, 0.3783, 0.3757, 0.3713, 0.3742, 0.3703, 0.364, 0.3626, 0.3634, 0.3592, 0.3567, 0.3559, 0.3541, 0.3502, 0.3508, 0.3481, 0.3489, 0.345, 0.3453, 0.3432, 0.3426, 0.3431, 0.3387, 0.3378, 0.3375, 0.335, 0.337, 0.3335, 0.3355, 0.3327, 0.3337, 0.3342, 0.3297, 0.3329, 0.33, 0.3288, 0.3334, 0.3273], "Epoch": [0.5032863849765258, 1.0037558685446009, 1.5070422535211268, 2.0075117370892017, 2.5107981220657276, 3.011267605633803, 3.5145539906103287, 4.015023474178403, 4.51830985915493, 5.018779342723005, 5.52206572769953, 6.022535211267606, 6.525821596244132, 7.026291079812206, 7.529577464788733, 8.030046948356807, 8.533333333333333, 9.033802816901408, 9.537089201877935, 10.04131455399061, 10.544600938967136, 11.045070422535211, 11.548356807511738, 12.048826291079813, 12.552112676056337, 13.052582159624412, 13.555868544600939, 14.056338028169014, 14.55962441314554, 15.060093896713616, 15.56338028169014, 16.063849765258215, 16.56713615023474, 17.067605633802817, 17.570892018779343, 18.07136150234742, 18.574647887323945, 19.07511737089202, 19.578403755868546, 20.07887323943662, 20.582159624413144, 21.08262910798122, 21.585915492957746, 22.08638497652582, 22.589671361502347, 23.090140845070422, 23.59342723004695, 24.093896713615024, 24.59718309859155, 25.097652582159625, 25.600938967136152, 26.101408450704227, 26.60469483568075, 27.105164319248825, 27.60845070422535, 28.108920187793426, 28.612206572769953, 29.112676056338028, 29.615962441314554, 30.11643192488263, 30.619718309859156, 31.12018779342723, 31.623474178403757, 32.12394366197183, 32.627230046948355, 33.12769953051643, 33.63098591549296, 34.13145539906103, 34.63474178403756], "Step": [134, 268, 402, 536, 670, 804, 938, 1072, 1206, 1340, 1474, 1608, 1742, 1876, 2010, 2144, 2278, 2412, 2546, 2680, 2814, 2948, 3082, 3216, 3350, 3484, 3618, 3752, 3886, 4020, 4154, 4288, 4422, 4556, 4690, 4824, 4958, 5092, 5226, 5360, 5494, 5628, 5762, 5896, 6030, 6164, 6298, 6432, 6566, 6700, 6834, 6968, 7102, 7236, 7370, 7504, 7638, 7772, 7906, 8040, 8174, 8308, 8442, 8576, 8710, 8844, 8978, 9112, 9246], "Accuracy": [0.022286681458353996, 0.02299596555531025, 0.021203355863690376, 0.02129170298576355, 0.02114720642566681, 0.02133794128894806, 0.020792974159121513, 0.02143372967839241, 0.021114178001880646, 0.021350329741835594, 0.021052250638604164, 0.02071205899119377, 0.020834263414144516, 0.020862333476543427, 0.020836737006902695, 0.02104068547487259, 0.020779766142368317, 0.020728571340441704, 0.02075829729437828, 0.020698845386505127, 0.020071309059858322, 0.020385902374982834, 0.02041562832891941, 0.020973805338144302, 0.020833436399698257, 0.020670771598815918, 0.020699672400951385, 0.02032645046710968, 0.020635267719626427, 0.020404068753123283, 0.020356174558401108, 0.02082352712750435, 0.020331405103206635, 0.020017635077238083, 0.020166262984275818, 0.020404066890478134, 0.02048829384148121, 0.020717836916446686, 0.020346269011497498, 0.020276911556720734, 0.020261218771338463, 0.02028186433017254, 0.020223241299390793, 0.019889652729034424, 0.020243879407644272, 0.02026204764842987, 0.02007295936346054, 0.02040654607117176, 0.020294249057769775, 0.02004571259021759, 0.020306633785367012, 0.020211677998304367, 0.020084518939256668, 0.020088650286197662, 0.020084520801901817, 0.02003662660717964, 0.01992185227572918, 0.02003745175898075, 0.019996168091893196, 0.020052315667271614, 0.020134886726737022, 0.020162133499979973, 0.020041583105921745, 0.019978828728199005, 0.020061399787664413, 0.019981306046247482, 0.020013509318232536, 0.020092777907848358, 0.020042408257722855], "Cross Entropy Loss": [14.843061311212825, 17.265143102665633, 18.09497696003966, 18.457443755614815, 18.889986679395985, 18.907832388594453, 19.363001409199583, 19.318405014715147, 19.56818204777319, 19.755552685790477, 19.652689786127198, 20.010003983653668, 19.95174511304767, 19.99456501306786, 20.100111340907347, 20.224117949770328, 20.154428523806605, 20.2273614078929, 20.22447701337523, 20.137284124469897, 20.239397690969728, 20.1416989299135, 20.41551298820497, 20.39882190896756, 20.384669113935928, 20.432796935405694, 20.734332579255575, 20.809438336313107, 20.68269101901234, 20.643967027005605, 20.888649342204946, 20.918300397521595, 20.903541132923905, 20.84272239681644, 20.810356513844646, 20.79469680185776, 20.988025580508793, 21.181553274133172, 21.297446138298234, 21.02976778009767, 21.184790226580446, 21.07508712379715, 21.13915512056058, 21.218662349168966, 21.22940567685549, 21.103982578956256, 21.271438967515206, 21.385844035024054, 21.331852426177583, 21.49843371593542, 21.316788736616306, 21.34403944933126, 21.491439363467958, 21.343498720307544, 21.36106766575777, 21.309151270568385, 21.463595347357774, 21.35694767674691, 21.503716604888233, 21.448956674821563, 21.497147124301865, 21.5482896569968, 21.521072566076246, 21.52951013987389, 21.581261332196128, 21.578584241973292, 21.552534373059586, 21.586586525778188, 21.525834123690633], "F1": [0.02012048060403113, 0.020257378101907187, 0.019570445498199075, 0.01968405919987626, 0.01968126951162942, 0.019747086848871137, 0.019557675910153616, 0.019844878130096635, 0.019652631507230563, 0.01982271342082359, 0.019636648665046143, 0.019502432742005592, 0.019496581097107578, 0.019545275342375542, 0.019510001687292004, 0.01964803413648036, 0.019481264903579116, 0.019479685175388162, 0.019496205405654343, 0.019459810909107846, 0.019181417855997734, 0.01930963575296434, 0.01934993677057471, 0.019610313045457368, 0.019579805029849972, 0.01945419915725311, 0.01949247821622109, 0.01926006296032375, 0.01944856467446118, 0.01930098488487638, 0.01933839694593269, 0.019540441212865654, 0.019313148932579172, 0.019203222521865123, 0.0192344546246239, 0.019384318841258647, 0.019399126232909885, 0.019501121245836535, 0.019331493848643185, 0.019333337416604417, 0.019310586668790198, 0.019281253622795844, 0.019255845714267972, 0.019051163917605005, 0.01931376756617856, 0.01925357308522931, 0.01917034760829854, 0.0193404100725746, 0.019292840927638836, 0.019164128286352482, 0.019345623712050012, 0.019259845051508896, 0.0191898514799194, 0.019187622060082853, 0.019199461484329366, 0.01916588113899158, 0.0191232774646922, 0.019197945622551754, 0.01916085171443735, 0.019188022275350297, 0.01922296363512041, 0.019239773774139476, 0.01920542916912758, 0.019145408375229305, 0.01917752718659942, 0.01915050433908081, 0.01916278668840799, 0.01919993940409877, 0.019171994125111932],